{"cameraMode":{"drawMode":0,"name":"Shaded","section":"Shading Mode"},"sceneLighting":true,"audioPlay":false,"sceneViewState":{"m_AlwaysRefresh":false,"showFog":true,"showSkybox":true,"showFlares":true,"showImageEffects":true,"showParticleSystems":true,"showVisualEffectGraphs":true,"m_FxEnabled":true},"in2DMode":false,"pivot":{"x":-5.095095634460449,"y":-4.3935041427612309,"z":15.796457290649414},"rotation":{"x":-0.1408393681049347,"y":0.1426333785057068,"z":-0.020517634227871896,"w":-0.9794936776161194},"size":10.168546676635743,"orthographic":false}